variant_id,sample_id,chrom,pos,ref,alt,gene,consequence,gnomad_af,genotype,dp,gq
v01,P1,chr2,20101,C,T,GENE_A,stop_gained,0.0001,0/1,31,66
v01,F1,chr2,20101,C,T,GENE_A,stop_gained,0.0001,0/0,35,70
v01,M1,chr2,20101,C,T,GENE_A,stop_gained,0.0001,0/0,29,61
v02,P1,chr7,70220,G,A,GENE_B,missense_damaging,0.0010,0/1,25,55
v02,F1,chr7,70220,G,A,GENE_B,missense_damaging,0.0010,0/1,27,58
v02,M1,chr7,70220,G,A,GENE_B,missense_damaging,0.0010,0/0,30,64
v03,P1,chr7,71804,T,C,GENE_B,splice_acceptor,0.0002,0/1,24,59
v03,F1,chr7,71804,T,C,GENE_B,splice_acceptor,0.0002,0/0,26,60
v03,M1,chr7,71804,T,C,GENE_B,splice_acceptor,0.0002,0/1,28,63
v04,P1,chr9,90010,A,G,GENE_C,missense_damaging,0.1200,0/1,33,69
v04,F1,chr9,90010,A,G,GENE_C,missense_damaging,0.1200,0/0,31,65
v04,M1,chr9,90010,A,G,GENE_C,missense_damaging,0.1200,0/0,34,68
v05,P1,chr2,20555,G,C,GENE_A,frameshift,0.0004,0/1,30,62
v05,F1,chr2,20555,G,C,GENE_A,frameshift,0.0004,0/1,32,67
v05,M1,chr2,20555,G,C,GENE_A,frameshift,0.0004,0/0,29,60
v06,P1,chr2,20777,A,T,GENE_A,splice_donor,0.0003,0/1,8,42
v06,F1,chr2,20777,A,T,GENE_A,splice_donor,0.0003,0/0,30,65
v06,M1,chr2,20777,A,T,GENE_A,splice_donor,0.0003,0/0,28,61
v07,P1,chr7,73001,C,G,GENE_B,synonymous,0.0001,0/1,26,52
v07,F1,chr7,73001,C,G,GENE_B,synonymous,0.0001,0/1,30,61
v07,M1,chr7,73001,C,G,GENE_B,synonymous,0.0001,0/0,29,59

